name,carbs_g,protein_g,fat_g,calories_kcal,GHG,pca1,pca2,cluster
Kıymalı Patlıcan Salatası,20,30,25,350,500,26.6372403787756,-3.4019492970386627,2
Karpuzlu Feta Salatası,25,15,10,200,200,9.686207259055696,0.6857192847836643,2
Domatesli Kıymalı Makarna,70,35,20,550,700,38.77379526774895,-2.5469352543972654,2
Beyaz Peynirli Karpuz Küpleri,30,10,5,180,150,6.836040746475964,1.5883841401478984,2
