name,carbs_g,protein_g,fat_g,calories_kcal,GHG,pca1,pca2,cluster
"Kuşkonmaz, Avokadolu Salata",25,10,30,400,500,27.426053140752387,-1.9411341548445586,2
Kızarmış Kuşkonmaz ve Elmalı Dolma,40,8,20,350,450,24.025225706539864,-1.8830772150016002,2
Domatesli Kuşkonmaz ve Avokadolu Soslu Makarna,70,15,25,550,600,34.09580774845528,0.1558617997440433,2
