name,carbs_g,protein_g,fat_g,calories_kcal,GHG,pca1,pca2,cluster
Patl覺canl覺 Domates Soslu Makarna,70,15,10,450,0.5,2.66331514021713,-0.31700194474236115,1
Domates ve Karpuz Salatas覺,30,10,15,250,0.3,-1.791897958643668,-1.2173171325943273,0
Izgara Patl覺can ve Karpuz Soslu Tavuk,25,35,15,350,0.4,-0.8714171815734618,1.5343190773366886,2
